{
    "edit,make it snow,1.3": {
        "0.0": {
            "tp": 150,
            "fp": 150,
            "fn": 0,
            "tn": 0
        },
        "0.1": {
            "tp": 144,
            "fp": 148,
            "fn": 6,
            "tn": 2
        },
        "0.2": {
            "tp": 2,
            "fp": 20,
            "fn": 148,
            "tn": 130
        },
        "0.30000000000000004": {
            "tp": 0,
            "fp": 0,
            "fn": 150,
            "tn": 150
        },
        "0.4": {
            "tp": 0,
            "fp": 0,
            "fn": 150,
            "tn": 150
        },
        "0.5": {
            "tp": 0,
            "fp": 0,
            "fn": 150,
            "tn": 150
        },
        "0.6000000000000001": {
            "tp": 0,
            "fp": 0,
            "fn": 150,
            "tn": 150
        },
        "0.7000000000000001": {
            "tp": 0,
            "fp": 0,
            "fn": 150,
            "tn": 150
        },
        "0.8": {
            "tp": 0,
            "fp": 0,
            "fn": 150,
            "tn": 150
        },
        "0.9": {
            "tp": 0,
            "fp": 0,
            "fn": 150,
            "tn": 150
        },
        "1.0": {
            "tp": 0,
            "fp": 0,
            "fn": 150,
            "tn": 150
        }
    },
    "edit,make it at night,1.3": {
        "0.0": {
            "tp": 150,
            "fp": 150,
            "fn": 0,
            "tn": 0
        },
        "0.1": {
            "tp": 146,
            "fp": 148,
            "fn": 4,
            "tn": 2
        },
        "0.2": {
            "tp": 10,
            "fp": 20,
            "fn": 140,
            "tn": 130
        },
        "0.30000000000000004": {
            "tp": 0,
            "fp": 0,
            "fn": 150,
            "tn": 150
        },
        "0.4": {
            "tp": 0,
            "fp": 0,
            "fn": 150,
            "tn": 150
        },
        "0.5": {
            "tp": 0,
            "fp": 0,
            "fn": 150,
            "tn": 150
        },
        "0.6000000000000001": {
            "tp": 0,
            "fp": 0,
            "fn": 150,
            "tn": 150
        },
        "0.7000000000000001": {
            "tp": 0,
            "fp": 0,
            "fn": 150,
            "tn": 150
        },
        "0.8": {
            "tp": 0,
            "fp": 0,
            "fn": 150,
            "tn": 150
        },
        "0.9": {
            "tp": 0,
            "fp": 0,
            "fn": 150,
            "tn": 150
        },
        "1.0": {
            "tp": 0,
            "fp": 0,
            "fn": 150,
            "tn": 150
        }
    },
    "edit,change background to desert,1.5": {
        "0.0": {
            "tp": 150,
            "fp": 150,
            "fn": 0,
            "tn": 0
        },
        "0.1": {
            "tp": 147,
            "fp": 148,
            "fn": 3,
            "tn": 2
        },
        "0.2": {
            "tp": 25,
            "fp": 20,
            "fn": 125,
            "tn": 130
        },
        "0.30000000000000004": {
            "tp": 0,
            "fp": 0,
            "fn": 150,
            "tn": 150
        },
        "0.4": {
            "tp": 0,
            "fp": 0,
            "fn": 150,
            "tn": 150
        },
        "0.5": {
            "tp": 0,
            "fp": 0,
            "fn": 150,
            "tn": 150
        },
        "0.6000000000000001": {
            "tp": 0,
            "fp": 0,
            "fn": 150,
            "tn": 150
        },
        "0.7000000000000001": {
            "tp": 0,
            "fp": 0,
            "fn": 150,
            "tn": 150
        },
        "0.8": {
            "tp": 0,
            "fp": 0,
            "fn": 150,
            "tn": 150
        },
        "0.9": {
            "tp": 0,
            "fp": 0,
            "fn": 150,
            "tn": 150
        },
        "1.0": {
            "tp": 0,
            "fp": 0,
            "fn": 150,
            "tn": 150
        }
    },
    "edit,convert into an oil painting,1.2": {
        "0.0": {
            "tp": 150,
            "fp": 150,
            "fn": 0,
            "tn": 0
        },
        "0.1": {
            "tp": 148,
            "fp": 148,
            "fn": 2,
            "tn": 2
        },
        "0.2": {
            "tp": 2,
            "fp": 20,
            "fn": 148,
            "tn": 130
        },
        "0.30000000000000004": {
            "tp": 0,
            "fp": 0,
            "fn": 150,
            "tn": 150
        },
        "0.4": {
            "tp": 0,
            "fp": 0,
            "fn": 150,
            "tn": 150
        },
        "0.5": {
            "tp": 0,
            "fp": 0,
            "fn": 150,
            "tn": 150
        },
        "0.6000000000000001": {
            "tp": 0,
            "fp": 0,
            "fn": 150,
            "tn": 150
        },
        "0.7000000000000001": {
            "tp": 0,
            "fp": 0,
            "fn": 150,
            "tn": 150
        },
        "0.8": {
            "tp": 0,
            "fp": 0,
            "fn": 150,
            "tn": 150
        },
        "0.9": {
            "tp": 0,
            "fp": 0,
            "fn": 150,
            "tn": 150
        },
        "1.0": {
            "tp": 0,
            "fp": 0,
            "fn": 150,
            "tn": 150
        }
    },
    "edit,add a tennis ball to the image,2.0": {
        "0.0": {
            "tp": 150,
            "fp": 150,
            "fn": 0,
            "tn": 0
        },
        "0.1": {
            "tp": 137,
            "fp": 148,
            "fn": 13,
            "tn": 2
        },
        "0.2": {
            "tp": 1,
            "fp": 20,
            "fn": 149,
            "tn": 130
        },
        "0.30000000000000004": {
            "tp": 0,
            "fp": 0,
            "fn": 150,
            "tn": 150
        },
        "0.4": {
            "tp": 0,
            "fp": 0,
            "fn": 150,
            "tn": 150
        },
        "0.5": {
            "tp": 0,
            "fp": 0,
            "fn": 150,
            "tn": 150
        },
        "0.6000000000000001": {
            "tp": 0,
            "fp": 0,
            "fn": 150,
            "tn": 150
        },
        "0.7000000000000001": {
            "tp": 0,
            "fp": 0,
            "fn": 150,
            "tn": 150
        },
        "0.8": {
            "tp": 0,
            "fp": 0,
            "fn": 150,
            "tn": 150
        },
        "0.9": {
            "tp": 0,
            "fp": 0,
            "fn": 150,
            "tn": 150
        },
        "1.0": {
            "tp": 0,
            "fp": 0,
            "fn": 150,
            "tn": 150
        }
    }
}