{
    "diffpure,0.1": {
        "0.0": {
            "tp": 150,
            "fp": 150,
            "fn": 0,
            "tn": 0
        },
        "0.1": {
            "tp": 144,
            "fp": 148,
            "fn": 6,
            "tn": 2
        },
        "0.2": {
            "tp": 14,
            "fp": 20,
            "fn": 136,
            "tn": 130
        },
        "0.30000000000000004": {
            "tp": 0,
            "fp": 0,
            "fn": 150,
            "tn": 150
        },
        "0.4": {
            "tp": 0,
            "fp": 0,
            "fn": 150,
            "tn": 150
        },
        "0.5": {
            "tp": 0,
            "fp": 0,
            "fn": 150,
            "tn": 150
        },
        "0.6000000000000001": {
            "tp": 0,
            "fp": 0,
            "fn": 150,
            "tn": 150
        },
        "0.7000000000000001": {
            "tp": 0,
            "fp": 0,
            "fn": 150,
            "tn": 150
        },
        "0.8": {
            "tp": 0,
            "fp": 0,
            "fn": 150,
            "tn": 150
        },
        "0.9": {
            "tp": 0,
            "fp": 0,
            "fn": 150,
            "tn": 150
        },
        "1.0": {
            "tp": 0,
            "fp": 0,
            "fn": 150,
            "tn": 150
        }
    },
    "diffpure,0.2": {
        "0.0": {
            "tp": 150,
            "fp": 150,
            "fn": 0,
            "tn": 0
        },
        "0.1": {
            "tp": 148,
            "fp": 148,
            "fn": 2,
            "tn": 2
        },
        "0.2": {
            "tp": 28,
            "fp": 20,
            "fn": 122,
            "tn": 130
        },
        "0.30000000000000004": {
            "tp": 0,
            "fp": 0,
            "fn": 150,
            "tn": 150
        },
        "0.4": {
            "tp": 0,
            "fp": 0,
            "fn": 150,
            "tn": 150
        },
        "0.5": {
            "tp": 0,
            "fp": 0,
            "fn": 150,
            "tn": 150
        },
        "0.6000000000000001": {
            "tp": 0,
            "fp": 0,
            "fn": 150,
            "tn": 150
        },
        "0.7000000000000001": {
            "tp": 0,
            "fp": 0,
            "fn": 150,
            "tn": 150
        },
        "0.8": {
            "tp": 0,
            "fp": 0,
            "fn": 150,
            "tn": 150
        },
        "0.9": {
            "tp": 0,
            "fp": 0,
            "fn": 150,
            "tn": 150
        },
        "1.0": {
            "tp": 0,
            "fp": 0,
            "fn": 150,
            "tn": 150
        }
    },
    "diffpure,0.3": {
        "0.0": {
            "tp": 150,
            "fp": 150,
            "fn": 0,
            "tn": 0
        },
        "0.1": {
            "tp": 146,
            "fp": 148,
            "fn": 4,
            "tn": 2
        },
        "0.2": {
            "tp": 47,
            "fp": 20,
            "fn": 103,
            "tn": 130
        },
        "0.30000000000000004": {
            "tp": 0,
            "fp": 0,
            "fn": 150,
            "tn": 150
        },
        "0.4": {
            "tp": 0,
            "fp": 0,
            "fn": 150,
            "tn": 150
        },
        "0.5": {
            "tp": 0,
            "fp": 0,
            "fn": 150,
            "tn": 150
        },
        "0.6000000000000001": {
            "tp": 0,
            "fp": 0,
            "fn": 150,
            "tn": 150
        },
        "0.7000000000000001": {
            "tp": 0,
            "fp": 0,
            "fn": 150,
            "tn": 150
        },
        "0.8": {
            "tp": 0,
            "fp": 0,
            "fn": 150,
            "tn": 150
        },
        "0.9": {
            "tp": 0,
            "fp": 0,
            "fn": 150,
            "tn": 150
        },
        "1.0": {
            "tp": 0,
            "fp": 0,
            "fn": 150,
            "tn": 150
        }
    }
}