{
    "diffpure,0.1": {
        "0.0": {
            "tp": 300,
            "fp": 300,
            "fn": 0,
            "tn": 0
        },
        "0.1": {
            "tp": 294,
            "fp": 299,
            "fn": 6,
            "tn": 1
        },
        "0.2": {
            "tp": 74,
            "fp": 64,
            "fn": 226,
            "tn": 236
        },
        "0.30000000000000004": {
            "tp": 0,
            "fp": 0,
            "fn": 300,
            "tn": 300
        },
        "0.4": {
            "tp": 0,
            "fp": 0,
            "fn": 300,
            "tn": 300
        },
        "0.5": {
            "tp": 0,
            "fp": 0,
            "fn": 300,
            "tn": 300
        },
        "0.6000000000000001": {
            "tp": 0,
            "fp": 0,
            "fn": 300,
            "tn": 300
        },
        "0.7000000000000001": {
            "tp": 0,
            "fp": 0,
            "fn": 300,
            "tn": 300
        },
        "0.8": {
            "tp": 0,
            "fp": 0,
            "fn": 300,
            "tn": 300
        },
        "0.9": {
            "tp": 0,
            "fp": 0,
            "fn": 300,
            "tn": 300
        },
        "1.0": {
            "tp": 0,
            "fp": 0,
            "fn": 300,
            "tn": 300
        }
    },
    "diffpure,0.2": {
        "0.0": {
            "tp": 300,
            "fp": 300,
            "fn": 0,
            "tn": 0
        },
        "0.1": {
            "tp": 295,
            "fp": 299,
            "fn": 5,
            "tn": 1
        },
        "0.2": {
            "tp": 75,
            "fp": 64,
            "fn": 225,
            "tn": 236
        },
        "0.30000000000000004": {
            "tp": 0,
            "fp": 0,
            "fn": 300,
            "tn": 300
        },
        "0.4": {
            "tp": 0,
            "fp": 0,
            "fn": 300,
            "tn": 300
        },
        "0.5": {
            "tp": 0,
            "fp": 0,
            "fn": 300,
            "tn": 300
        },
        "0.6000000000000001": {
            "tp": 0,
            "fp": 0,
            "fn": 300,
            "tn": 300
        },
        "0.7000000000000001": {
            "tp": 0,
            "fp": 0,
            "fn": 300,
            "tn": 300
        },
        "0.8": {
            "tp": 0,
            "fp": 0,
            "fn": 300,
            "tn": 300
        },
        "0.9": {
            "tp": 0,
            "fp": 0,
            "fn": 300,
            "tn": 300
        },
        "1.0": {
            "tp": 0,
            "fp": 0,
            "fn": 300,
            "tn": 300
        }
    },
    "diffpure,0.3": {
        "0.0": {
            "tp": 300,
            "fp": 300,
            "fn": 0,
            "tn": 0
        },
        "0.1": {
            "tp": 295,
            "fp": 299,
            "fn": 5,
            "tn": 1
        },
        "0.2": {
            "tp": 74,
            "fp": 64,
            "fn": 226,
            "tn": 236
        },
        "0.30000000000000004": {
            "tp": 0,
            "fp": 0,
            "fn": 300,
            "tn": 300
        },
        "0.4": {
            "tp": 0,
            "fp": 0,
            "fn": 300,
            "tn": 300
        },
        "0.5": {
            "tp": 0,
            "fp": 0,
            "fn": 300,
            "tn": 300
        },
        "0.6000000000000001": {
            "tp": 0,
            "fp": 0,
            "fn": 300,
            "tn": 300
        },
        "0.7000000000000001": {
            "tp": 0,
            "fp": 0,
            "fn": 300,
            "tn": 300
        },
        "0.8": {
            "tp": 0,
            "fp": 0,
            "fn": 300,
            "tn": 300
        },
        "0.9": {
            "tp": 0,
            "fp": 0,
            "fn": 300,
            "tn": 300
        },
        "1.0": {
            "tp": 0,
            "fp": 0,
            "fn": 300,
            "tn": 300
        }
    }
}