{
    "edit,make it snow,1.3": {
        "0.0": {
            "tp": 300,
            "fp": 300,
            "fn": 0,
            "tn": 0
        },
        "0.1": {
            "tp": 295,
            "fp": 299,
            "fn": 5,
            "tn": 1
        },
        "0.2": {
            "tp": 9,
            "fp": 64,
            "fn": 291,
            "tn": 236
        },
        "0.30000000000000004": {
            "tp": 0,
            "fp": 0,
            "fn": 300,
            "tn": 300
        },
        "0.4": {
            "tp": 0,
            "fp": 0,
            "fn": 300,
            "tn": 300
        },
        "0.5": {
            "tp": 0,
            "fp": 0,
            "fn": 300,
            "tn": 300
        },
        "0.6000000000000001": {
            "tp": 0,
            "fp": 0,
            "fn": 300,
            "tn": 300
        },
        "0.7000000000000001": {
            "tp": 0,
            "fp": 0,
            "fn": 300,
            "tn": 300
        },
        "0.8": {
            "tp": 0,
            "fp": 0,
            "fn": 300,
            "tn": 300
        },
        "0.9": {
            "tp": 0,
            "fp": 0,
            "fn": 300,
            "tn": 300
        },
        "1.0": {
            "tp": 0,
            "fp": 0,
            "fn": 300,
            "tn": 300
        }
    },
    "edit,make it at night,1.3": {
        "0.0": {
            "tp": 300,
            "fp": 300,
            "fn": 0,
            "tn": 0
        },
        "0.1": {
            "tp": 292,
            "fp": 299,
            "fn": 8,
            "tn": 1
        },
        "0.2": {
            "tp": 21,
            "fp": 64,
            "fn": 279,
            "tn": 236
        },
        "0.30000000000000004": {
            "tp": 0,
            "fp": 0,
            "fn": 300,
            "tn": 300
        },
        "0.4": {
            "tp": 0,
            "fp": 0,
            "fn": 300,
            "tn": 300
        },
        "0.5": {
            "tp": 0,
            "fp": 0,
            "fn": 300,
            "tn": 300
        },
        "0.6000000000000001": {
            "tp": 0,
            "fp": 0,
            "fn": 300,
            "tn": 300
        },
        "0.7000000000000001": {
            "tp": 0,
            "fp": 0,
            "fn": 300,
            "tn": 300
        },
        "0.8": {
            "tp": 0,
            "fp": 0,
            "fn": 300,
            "tn": 300
        },
        "0.9": {
            "tp": 0,
            "fp": 0,
            "fn": 300,
            "tn": 300
        },
        "1.0": {
            "tp": 0,
            "fp": 0,
            "fn": 300,
            "tn": 300
        }
    },
    "edit,change background to desert,1.5": {
        "0.0": {
            "tp": 300,
            "fp": 300,
            "fn": 0,
            "tn": 0
        },
        "0.1": {
            "tp": 297,
            "fp": 299,
            "fn": 3,
            "tn": 1
        },
        "0.2": {
            "tp": 43,
            "fp": 64,
            "fn": 257,
            "tn": 236
        },
        "0.30000000000000004": {
            "tp": 0,
            "fp": 0,
            "fn": 300,
            "tn": 300
        },
        "0.4": {
            "tp": 0,
            "fp": 0,
            "fn": 300,
            "tn": 300
        },
        "0.5": {
            "tp": 0,
            "fp": 0,
            "fn": 300,
            "tn": 300
        },
        "0.6000000000000001": {
            "tp": 0,
            "fp": 0,
            "fn": 300,
            "tn": 300
        },
        "0.7000000000000001": {
            "tp": 0,
            "fp": 0,
            "fn": 300,
            "tn": 300
        },
        "0.8": {
            "tp": 0,
            "fp": 0,
            "fn": 300,
            "tn": 300
        },
        "0.9": {
            "tp": 0,
            "fp": 0,
            "fn": 300,
            "tn": 300
        },
        "1.0": {
            "tp": 0,
            "fp": 0,
            "fn": 300,
            "tn": 300
        }
    },
    "edit,convert into an oil painting,1.2": {
        "0.0": {
            "tp": 300,
            "fp": 300,
            "fn": 0,
            "tn": 0
        },
        "0.1": {
            "tp": 297,
            "fp": 299,
            "fn": 3,
            "tn": 1
        },
        "0.2": {
            "tp": 5,
            "fp": 64,
            "fn": 295,
            "tn": 236
        },
        "0.30000000000000004": {
            "tp": 0,
            "fp": 0,
            "fn": 300,
            "tn": 300
        },
        "0.4": {
            "tp": 0,
            "fp": 0,
            "fn": 300,
            "tn": 300
        },
        "0.5": {
            "tp": 0,
            "fp": 0,
            "fn": 300,
            "tn": 300
        },
        "0.6000000000000001": {
            "tp": 0,
            "fp": 0,
            "fn": 300,
            "tn": 300
        },
        "0.7000000000000001": {
            "tp": 0,
            "fp": 0,
            "fn": 300,
            "tn": 300
        },
        "0.8": {
            "tp": 0,
            "fp": 0,
            "fn": 300,
            "tn": 300
        },
        "0.9": {
            "tp": 0,
            "fp": 0,
            "fn": 300,
            "tn": 300
        },
        "1.0": {
            "tp": 0,
            "fp": 0,
            "fn": 300,
            "tn": 300
        }
    },
    "edit,add a tennis ball to the image,2.0": {
        "0.0": {
            "tp": 300,
            "fp": 300,
            "fn": 0,
            "tn": 0
        },
        "0.1": {
            "tp": 283,
            "fp": 299,
            "fn": 17,
            "tn": 1
        },
        "0.2": {
            "tp": 6,
            "fp": 64,
            "fn": 294,
            "tn": 236
        },
        "0.30000000000000004": {
            "tp": 0,
            "fp": 0,
            "fn": 300,
            "tn": 300
        },
        "0.4": {
            "tp": 0,
            "fp": 0,
            "fn": 300,
            "tn": 300
        },
        "0.5": {
            "tp": 0,
            "fp": 0,
            "fn": 300,
            "tn": 300
        },
        "0.6000000000000001": {
            "tp": 0,
            "fp": 0,
            "fn": 300,
            "tn": 300
        },
        "0.7000000000000001": {
            "tp": 0,
            "fp": 0,
            "fn": 300,
            "tn": 300
        },
        "0.8": {
            "tp": 0,
            "fp": 0,
            "fn": 300,
            "tn": 300
        },
        "0.9": {
            "tp": 0,
            "fp": 0,
            "fn": 300,
            "tn": 300
        },
        "1.0": {
            "tp": 0,
            "fp": 0,
            "fn": 300,
            "tn": 300
        }
    }
}